Workbook

Sheet Category Summary
A1: Spend by Category
A2: Totals of legible line items only. Several receipts were partially scanned, so these are floors, not full receipt totals (see the detailed per-receipt workbook for printed grand totals).
A4: Category | B4: # Items | C4: Legible Total
A5: Meats, Poultry & Seafood | B5: 39 | C5: ='By Category'!D45 -> 5387.25
A6: Cheeses | B6: 15 | C6: ='By Category'!D64 -> 598.85
A7: Fruits & Vegetables | B7: 106 | C7: ='By Category'!D174 -> 2004.19
A8: Dairy & Eggs | B8: 6 | C8: ='By Category'!D184 -> 161.95
A9: Frozen | B9: 9 | C9: ='By Category'!D197 -> 148.8
A10: Bakery, Snacks & Candy | B10: 20 | C10: ='By Category'!D221 -> 392.33
A11: Pantry, Sauces & Seasonings | B11: 47 | C11: ='By Category'!D272 -> 1644.98
A12: Beverages | B12: 17 | C12: ='By Category'!D293 -> 280.99
A13: Supplies & Disposables | B13: 60 | C13: ='By Category'!D357 -> 1217.31
A14: Discounts & Adjustments | B14: 14 | C14: ='By Category'!D375 -> -1261.3
A15: TOTAL (legible items) | B15: =SUM(B5:B14) -> 333 | C15: =SUM(C5:C14) -> 10575.35

Sheet By Category
A1: Restaurant Depot — Items by Category
A2: Every legible line item across all receipts (Store #802, buyer Erin Hunnewell), grouped by category. Each row is one line as rung on a receipt; the Source column points to the receipt sheet in the detailed workbook. Voids/discounts are shown as negatives.
A4: Meats, Poultry & Seafood (39 items)
A5: Item | B5: Detail | C5: Qty | D5: Amount | E5: Source (receipt)
A6: BCN LEIDY 1822 15# HW | C6: 1 | D6: 54.85 | E6: Moose I13372 0722
A7: BCN LEIDY 1822 15# HW | C7: 1 | D7: 54.85 | E7: Moose I13372 0722
A8: BCN LEIDY 1822 15# HW | C8: 1 | D8: 54.85 | E8: Moose I13372 0722
A9: BCN LEIDY 1822 15# HW | C9: 1 | D9: 54.85 | E9: Moose I13372 0722
A10: BF ANG GROUND CHUK R/W | B10: 60.4 LB @ $5.36/LB | C10: 1 | D10: 323.74 | E10: Mad Moose 0806
A11: BF ANG GROUND CHUK R/W | B11: 60.9 LB @ $4.93/LB | C11: 1 | D11: 300.24 | E11: Mad Moose 0806
A12: BF ANG GROUND CHUK R/W | B12: 63.3 LB @ $4.93/LB | C12: 1 | D12: 312.07 | E12: Mad Moose 0806
A13: BF ANG GROUND CHUK R/W | B13: 63.6 LB @ $4.93/LB | C13: 1 | D13: 313.55 | E13: Mad Moose 0806
A14: BF ANG GROUND CHUK R/W | B14: 59.2 LB @ $5.09/LB | C14: 1 | D14: 301.33 | E14: Mad Moose I9681 0722
A15: BF ANG GROUND CHUK R/W | B15: 60.6 LB @ $4.89/LB | C15: 1 | D15: 296.33 | E15: Mad Moose I9681 0722
A16: BF ANG GROUND CHUK R/W | B16: 60.2 LB @ $4.89/LB | C16: 1 | D16: 294.38 | E16: Mad Moose I9681 0722
A17: BF ANG GROUND CHUK R/W | B17: 60.6 LB @ $4.89/LB | C17: 1 | D17: 296.33 | E17: Mad Moose I9681 0722
A18: BF ANG GROUND CHUK R/W | B18: 59.0 LB @ $4.89/LB | C18: 1 | D18: 288.51 | E18: Mad Moose I9681 0722
A19: BF ANG GROUND CHUK R/W | B19: 60.0 LB @ $4.89/LB | C19: 1 | D19: 293.4 | E19: Mad Moose I9681 0722
A20: BF ANG GROUND CHUK R/W | B20: 59.1 LB @ $4.89/LB | C20: 1 | D20: 289 | E20: Mad Moose I9681 0722
A21: CHIC BNLS THIGH HALAL | B21: 40 LB @ $1.74/LB | C21: 1 | D21: 69.6 | E21: Mad Moose 0806
... A34: CHIC WNG JUMB PRTY | B34: 40 LB @ $1.95/LB | C34: 1 | D34: 78 | E34: Mad Moose I9681 0722
A35: CHX GV GRILL HALAL 10LBS | C35: 1 | D35: 63.77 | E35: Mad Moose I968 0722
A36: EZ POKE TUNA 10LB | C36: 1 | D36: 59.9 | E36: Mad Moose I968 0722
A37: FRSHBRNZIN 16-800 R/W | B37: 22.05 LB @ $7.59/LB | C37: 1 | D37: 167.36 | E37: Mad Moose I968 0722
A38: GROUND PORK 5LBS | B38: C · 1cs/7u | C38: 7 | D38: 69.62 | E38: Mad Moose 0806
A39: LI SOUND OYSTERS 50CT | C39: 1 | D39: 42.31 | E39: Mad Moose 0806
A40: LI SOUND OYSTERS 50CT | C40: 1 | D40: 42.31 | E40: Mad Moose 0806
A41: PEPPERNI 12.5# MAM | B41: C · 1cs/2u | C41: 2 | D41: 80.54 | E41: Mad Moose I9681 0722
A42: PROSCIUTTO DANIELE | B42: 13.21 LB @ $6.49/LB | C42: 1 | D42: 85.73 | E42: Mad Moose 0806
A43: TURKEY RTC FOIL | B43: 23.38 LB @ $3.96/LB | C43: 1 | D43: 92.58 | E43: Mad Moose 0815 recall
A44: TURKEY RTC FOIL | B44: 24.66 LB @ $3.96/LB | C44: 1 | D44: 97.65 | E44: Mad Moose I9681 0722
A45: Meats, Poultry & Seafood — subtotal | D45: =SUM(D6:D44) -> 5387.25
A47: Cheeses (15 items)
A48: Item | B48: Detail | C48: Qty | D48: Amount | E48: Source (receipt)
A49: CHZ ASIAGO SHRD SI 4/5LB | B49: U | C49: 1 | D49: 21.42 | E49: Receipt S01
A50: CHZ BLU CRUM TC 5# | B50: U | C50: 1 | D50: 18.4 | E50: Moose Loose 0818
A51: CHZ CREAM LOAF JF 3LB | B51: C · 1cs/10u | C51: 10 | D51: 64.07 | E51: Moose Loose 0818
A52: CHZ GOAT PAIL 2/4LB2 | B52: C · 1cs/2u | C52: 2 | D52: 55.24 | E52: Mad Moose 0815 recall
A53: CHZ GOAT PAIL 2/4LB2 | B53: C · 1cs/2u | C53: 2 | D53: 55.24 | E53: Mad Moose 0815 recall
A54: CHZ GOAT PAIL 2/4LB2 | B54: C · 1cs/2u | C54: 2 | D54: 55.24 | E54: Moose Loose 0818
A55: CHZ GOAT PAIL 2/4LB2 | B55: C · 1cs/2u | C55: 2 | D55: 55.24 | E55: Moose Loose 0818
A56: CHZ MOZZ THIN SLCD 8/LB | B56: C · 1cs/8u | C56: 8 | D56: 35.64 | E56: Mad Moose 0806
A57: CHZ PARM SHV DOM 4/5LB | B57: C · 1cs/4u | C57: 4 | D57: 86.28 | E57: Mad Moose 0806
A58: CHZ RICOTA W SUPRE 3LB | B58: C · 1cs/6u | C58: 6 | D58: 29.93 | E58: Mad Moose 0815 recall
A59: CHZ SMOKED GOUDA R/W | B59: 6.04 LB @ $4.13/LB | C59: 1 | D59: 24.95 | E59: Moose I13372 0722
A60: CHZ SMOKED GOUDA R/W | B60: 6.22 LB @ $4.13/LB | C60: 1 | D60: 25.69 | E60: Moose I13372 0722
... A63: CHZ SMOKED GOUDA R/W | B63: 5.99 LB @ $3.94/LB | C63: 1 | D63: 23.6 | E63: Moose I4710 0708
A64: Cheeses — subtotal | D64: =SUM(D49:D63) -> 598.85
A66: Fruits & Vegetables (106 items)
A67: Item | B67: Detail | C67: Qty | D67: Amount | E67: Source (receipt)
A68: PD 12X6 MINI CUCS 1LB | B68: U | C68: 1 | D68: 1.96 | E68: Moose I13372 0722
A69: PD 12X6 MINI CUCS 1LB | B69: U | C69: 1 | D69: 1.96 | E69: Moose I13372 0722
A70: PD 12X6 MINI CUCS 1LB | B70: U | C70: 1 | D70: 1.96 | E70: Moose I13372 0722
A71: PD 12X6 MINI CUCS 1LB | B71: U | C71: 1 | D71: 1.96 | E71: Moose I13372 0722
A72: PD A/BOY7 6 ROM HEART | B72: C · 1cs/7u | C72: 7 | D72: 32.27 | E72: Moose Loose 0818
A73: PD APL GRANY | C73: 1 | D73: 39.78 | E73: Moose I13372 0722
A74: PD ASPARAGUS LRG | C74: 1 | D74: 53.38 | E74: Mad Moose 0815 recall
A75: PD ASPARAGUS LRG | B75: V void | C75: -1 | D75: -53.38 | E75: Mad Moose 0815 recall
A76: PD AVOCADO HASS | C76: 1 | D76: 46.95 | E76: Moose I13372 0722
A77: PD AVOCADO HASS | C77: 1 | D77: 34.95 | E77: Moose I13372 0722
A78: PD AVOCADO HASS | C78: 1 | D78: 48.95 | E78: Moose I4710 0708
A79: PD BABY ARUGULA BW 3LB | C79: 1 | D79: 17.49 | E79: Moose I13372 0722
A80: PD BABY ARUGULA BW 3LB | C80: 1 | D80: 17.49 | E80: Moose I13372 0722
A81: PD BASIL 1LB | C81: 1 | D81: 7.42 | E81: Mad Moose 0806
A82: PD BASIL 1LB | C82: 1 | D82: 7.42 | E82: Mad Moose 0806
A83: PD BASIL 1LB | C83: 1 | D83: 7.48 | E83: Moose I13372 0722
A84: PD BASIL 1LB | C84: 1 | D84: 7.48 | E84: Moose I13372 0722
A85: PD BEETS LOOSE 25# CASE | C85: 1 | D85: 20.51 | E85: Moose I13372 0722
A86: PD BEETS LOOSE 25# CASE | C86: 1 | D86: 16.86 | E86: Moose I13372 0722
A87: PD BLUEBERY 18OZ | B87: U | C87: 1 | D87: 2.95 | E87: Moose I13372 0722
A88: PD BLUEBERY 18OZ | B88: C · 1cs/8u | C88: 8 | D88: 38.95 | E88: Receipt S01
A89: PD BRUSSEL SPROUTS 25LBS | C89: 1 | D89: 35.74 | E89: Mad Moose 0815 recall
A90: PD BRUSSEL SPROUTS 25LBS | C90: 1 | D90: 40.69 | E90: Moose I4710 0708
A91: PD BRUSSEL SPRT HALV 5# | B91: U | C91: 1 | D91: 11.87 | E91: Mad Moose 0806
A92: PD CABBAGE BAG | C92: 1 | D92: 17.64 | E92: Moose Loose 0818
A93: PD CABBAGE BOX 6-14CT | C93: 1 | D93: 28.68 | E93: Moose I4710 0708
A94: PD CABBAGE BOX 6-14CT | C94: 1 | D94: 28.68 | E94: Moose I4710 0708
A95: PD CABBAGE RED BOX | C95: 1 | D95: 21.19 | E95: Mad Moose 0815 recall
A96: PD CARROT 5LB BAG | C96: 1 | D96: 5.23 | E96: Moose I4710 0708
A97: PD CARROT STICKS 5LB | B97: 2X U @ $13.61 | C97: 2 | D97: 27.22 | E97: Moose I13372 0722
A98: PD CELERY CS | C98: 1 | D98: 37.98 | E98: Moose Loose 0818
A99: PD CHERRY 6/3# | B99: U | C99: 1 | D99: 12.14 | E99: Receipt S01
A100: PD CILANTRO BAG | B100: U | C100: 1 | D100: 4.52 | E100: Moose I13372 0722
A101: PD CUCUMBRS SELECT 50LB | C101: 1 | D101: 16.98 | E101: Moose I13372 0722
A102: PD CUCUMBRS SELECT 50LB | C102: 1 | D102: 16.98 | E102: Moose Loose 0818
A103: PD GINGER 30LB/CS | C103: 1 | D103: 43.7 | E103: Mad Moose 0806
A104: PD ICELES SCALLION 4/4# | B104: U | C104: 1 | D104: 9.95 | E104: Moose I13372 0722
A105: PD ICELES SCALLION 4/4# | B105: price not legible | C105: 1 | E105: Moose I13372 0722
A106: PD ICELES SCALLION 4/4# | B106: U | C106: 1 | D106: 9.72 | E106: Receipt S01
A107: PD JALAPENO 5# BAG | B107: U | C107: 1 | D107: 8.55 | E107: Moose Loose 0818
A108: PD JALAPENO 5# BAG | B108: U | C108: 1 | D108: 8.55 | E108: Moose Loose 0818
A109: PD JALAPENO 5# BAG | B109: U | C109: 1 | D109: 8.55 | E109: Moose Loose 0818
A110: PD JALAPENO 5# BAG | B110: C · 1cs/6u | C110: 6 | D110: 45.86 | E110: Receipt S01
A111: PD LEMON JUICE 1QT | B111: C · 1cs/6u | C111: 6 | D111: 35.32 | E111: Moose I13372 0722
A112: PD LEMON JUICE 1QT | B112: C · 1cs/6u | C112: 6 | D112: 35.32 | E112: Moose Loose 0818
A113: PD LIME JUICE 1QT | B113: VU void | C113: -1 | D113: -5.89 | E113: Receipt S01
A114: PD MINT 4OZ | C114: 1 | D114: 3.75 | E114: Moose Loose 0818
A115: PD ONION RED 20/2 | C115: 1 | D115: 51 | E115: Moose I9588 0721
A116: PD ONION VD/SWT 10LBS | B116: C · 1cs/60u | C116: 60 | D116: 553.8 | E116: Moose Loose 0818
A117: PD ONION VD/SWT 10LBS | B117: VC void | C117: -60 | D117: -553.8 | E117: Moose Loose 0818
...
